Nombre;Apellido;FechaNacimiento;Telefono;Email
Juan;Perez;10/05/1990;555-1234;juan.perez@mail.com
Ana;Gomez;20/08/1985;555-5678;ana.gomez@mail.com
Carlos;Rodriguez;15/12/1992;555-9012;carlos.rodriguez@mail.com
Laura;Fernandez;5/04/1978;555-3456;laura.fernandez@mail.com
Pedro;Martinez;30/10/1980;555-7890;pedro.martinez@mail.com
Maria;Lopez;23/01/1995;555-2345;maria.lopez@mail.com
Luis;Martinez;15/03/1988;555-6789;luis.martinez@mail.com
Sofia;Ortiz;9/07/1992;555-3457;sofia.ortiz@mail.com
Andres;Paredes;11/09/1987;555-7891;andres.paredes@mail.com
Claudia;Cruz;22/06/1991;555-8901;claudia.cruz@mail.com
Miguel;Jimenez;19/05/1989;555-1235;miguel.jimenez@mail.com
Natalia;Morales;12/11/1986;555-5679;natalia.morales@mail.com
Jorge;Alvarez;1/08/1993;555-9013;jorge.alvarez@mail.com
Valeria;Ramos;20/02/1984;555-2346;valeria.ramos@mail.com
Sebastian;Castro;14/04/1990;555-6780;sebastian.castro@mail.com
Isabel;Navarro;30/07/1982;555-7892;isabel.navarro@mail.com
Andres;Salazar;12/12/1997;555-8902;andres.salazar@mail.com
Veronica;Quintero;8/10/1994;555-1236;veronica.quintero@mail.com
Oscar;Reyes;5/03/1981;555-5677;oscar.reyes@mail.com
Gabriela;Suarez;25/11/1989;555-9014;gabriela.suarez@mail.com
